{"nm":"Flow 1","ddd":0,"h":160,"w":160,"meta":{"g":"LottieFiles Figma v58"},"layers":[{"ty":4,"nm":"Dot","sr":1,"st":0,"op":109.3,"ip":0,"hd":false,"ddd":0,"bm":0,"hasMask":false,"ao":0,"ks":{"a":{"a":1,"k":[{"o":{"x":0.32,"y":0},"i":{"x":0.67,"y":0},"s":[16,16],"t":0},{"o":{"x":0.33,"y":1},"i":{"x":0.68,"y":1},"s":[16,16],"t":12},{"o":{"x":0.33,"y":1},"i":{"x":0.68,"y":1},"s":[16,16],"t":36},{"o":{"x":0.33,"y":1},"i":{"x":0.68,"y":1},"s":[16,16],"t":60},{"o":{"x":0.33,"y":1},"i":{"x":0.68,"y":1},"s":[16,16],"t":78},{"s":[16,16],"t":108}]},"s":{"a":1,"k":[{"o":{"x":0.32,"y":0},"i":{"x":0.67,"y":0},"s":[100,100],"t":0},{"o":{"x":0.33,"y":1},"i":{"x":0.68,"y":1},"s":[100,100],"t":12},{"o":{"x":0.33,"y":1},"i":{"x":0.68,"y":1},"s":[100,100],"t":36},{"o":{"x":0.33,"y":1},"i":{"x":0.68,"y":1},"s":[100,100],"t":60},{"o":{"x":0.33,"y":1},"i":{"x":0.68,"y":1},"s":[100,100],"t":78},{"s":[100,100],"t":108}]},"sk":{"a":0,"k":0},"p":{"a":1,"k":[{"o":{"x":0.32,"y":0},"i":{"x":0.67,"y":0},"s":[38.4,-24],"t":0},{"o":{"x":0.33,"y":1},"i":{"x":0.68,"y":1},"s":[37.9,-24],"t":12},{"o":{"x":0.33,"y":1},"i":{"x":0.68,"y":1},"s":[37.9,-24],"t":36},{"o":{"x":0.33,"y":1},"i":{"x":0.68,"y":1},"s":[38.4,38.4],"t":60},{"o":{"x":0.33,"y":1},"i":{"x":0.68,"y":1},"s":[17.4,38.4],"t":78},{"s":[38.4,38.4],"t":108}]},"r":{"a":1,"k":[{"o":{"x":0.32,"y":0},"i":{"x":0.67,"y":0},"s":[180],"t":0},{"o":{"x":0.33,"y":1},"i":{"x":0.68,"y":1},"s":[180],"t":12},{"o":{"x":0.33,"y":1},"i":{"x":0.68,"y":1},"s":[180],"t":36},{"o":{"x":0.33,"y":1},"i":{"x":0.68,"y":1},"s":[180],"t":60},{"o":{"x":0.33,"y":1},"i":{"x":0.68,"y":1},"s":[180],"t":78},{"s":[180],"t":108}]},"sa":{"a":0,"k":0},"o":{"a":1,"k":[{"o":{"x":0.32,"y":0},"i":{"x":0.67,"y":0},"s":[100],"t":0},{"o":{"x":0.33,"y":1},"i":{"x":0.68,"y":1},"s":[100],"t":12},{"o":{"x":0.33,"y":1},"i":{"x":0.68,"y":1},"s":[100],"t":36},{"o":{"x":0.33,"y":1},"i":{"x":0.68,"y":1},"s":[100],"t":60},{"o":{"x":0.33,"y":1},"i":{"x":0.68,"y":1},"s":[100],"t":78},{"s":[100],"t":108}]}},"shapes":[{"ty":"sh","bm":0,"hd":false,"nm":"","d":1,"ks":{"a":1,"k":[{"o":{"x":0.32,"y":0},"i":{"x":0.67,"y":0},"s":[{"c":true,"i":[[0,0],[8.84,0],[0,8.84],[-8.84,0],[0,-8.84]],"o":[[0,8.84],[-8.84,0],[0,-8.84],[8.84,0],[0,0]],"v":[[32,16],[16,32],[0,16],[16,0],[32,16]]}],"t":0},{"o":{"x":0.33,"y":1},"i":{"x":0.68,"y":1},"s":[{"c":true,"i":[[0,0],[8.84,0],[0,8.84],[-8.84,0],[0,-8.84]],"o":[[0,8.84],[-8.84,0],[0,-8.84],[8.84,0],[0,0]],"v":[[32,16],[16,32],[0,16],[16,0],[32,16]]}],"t":12},{"o":{"x":0.33,"y":1},"i":{"x":0.68,"y":1},"s":[{"c":true,"i":[[0,0],[8.84,0],[0,8.84],[-8.84,0],[0,-8.84]],"o":[[0,8.84],[-8.84,0],[0,-8.84],[8.84,0],[0,0]],"v":[[32,16],[16,32],[0,16],[16,0],[32,16]]}],"t":36},{"o":{"x":0.33,"y":1},"i":{"x":0.68,"y":1},"s":[{"c":true,"i":[[0,0],[8.84,0],[0,8.84],[-8.84,0],[0,-8.84]],"o":[[0,8.84],[-8.84,0],[0,-8.84],[8.84,0],[0,0]],"v":[[32,16],[16,32],[0,16],[16,0],[32,16]]}],"t":60},{"o":{"x":0.33,"y":1},"i":{"x":0.68,"y":1},"s":[{"c":true,"i":[[0,0],[8.84,0],[0,8.84],[-8.84,0],[0,-8.84]],"o":[[0,8.84],[-8.84,0],[0,-8.84],[8.84,0],[0,0]],"v":[[32,16],[16,32],[0,16],[16,0],[32,16]]}],"t":78},{"s":[{"c":true,"i":[[0,0],[8.84,0],[0,8.84],[-8.84,0],[0,-8.84]],"o":[[0,8.84],[-8.84,0],[0,-8.84],[8.84,0],[0,0]],"v":[[32,16],[16,32],[0,16],[16,0],[32,16]]}],"t":108}]}},{"ty":"fl","bm":0,"hd":false,"nm":"","c":{"a":1,"k":[{"o":{"x":0.32,"y":0},"i":{"x":0.67,"y":0},"s":[0.9679,0.4769,0.3321],"t":0},{"o":{"x":0.33,"y":1},"i":{"x":0.68,"y":1},"s":[0.9679,0.4769,0.3321],"t":12},{"o":{"x":0.33,"y":1},"i":{"x":0.68,"y":1},"s":[0.9679,0.4769,0.3321],"t":36},{"o":{"x":0.33,"y":1},"i":{"x":0.68,"y":1},"s":[0.9679,0.4769,0.3321],"t":60},{"o":{"x":0.33,"y":1},"i":{"x":0.68,"y":1},"s":[0.9679,0.4769,0.3321],"t":78},{"s":[0.9679,0.4769,0.3321],"t":108}]},"r":1,"o":{"a":1,"k":[{"o":{"x":0.32,"y":0},"i":{"x":0.67,"y":0},"s":[100],"t":0},{"o":{"x":0.33,"y":1},"i":{"x":0.68,"y":1},"s":[100],"t":12},{"o":{"x":0.33,"y":1},"i":{"x":0.68,"y":1},"s":[100],"t":36},{"o":{"x":0.33,"y":1},"i":{"x":0.68,"y":1},"s":[100],"t":60},{"o":{"x":0.33,"y":1},"i":{"x":0.68,"y":1},"s":[100],"t":78},{"s":[100],"t":108}]}}],"ind":1},{"ty":4,"nm":"Circle","sr":1,"st":0,"op":109.3,"ip":0,"hd":false,"ddd":0,"bm":0,"hasMask":false,"ao":0,"ks":{"a":{"a":1,"k":[{"o":{"x":0.32,"y":0},"i":{"x":0.67,"y":0},"s":[7.5,7],"t":0},{"o":{"x":0.33,"y":1},"i":{"x":0.68,"y":1},"s":[48,48],"t":12},{"o":{"x":0.33,"y":1},"i":{"x":0.68,"y":1},"s":[67,67],"t":36},{"o":{"x":0.33,"y":1},"i":{"x":0.68,"y":1},"s":[25,25],"t":60},{"o":{"x":0.33,"y":1},"i":{"x":0.68,"y":1},"s":[48,48],"t":78},{"s":[48,48],"t":108}]},"s":{"a":1,"k":[{"o":{"x":0.32,"y":0},"i":{"x":0.67,"y":0},"s":[100,100],"t":0},{"o":{"x":0.33,"y":1},"i":{"x":0.68,"y":1},"s":[100,100],"t":12},{"o":{"x":0.33,"y":1},"i":{"x":0.68,"y":1},"s":[100,100],"t":36},{"o":{"x":0.33,"y":1},"i":{"x":0.68,"y":1},"s":[100,100],"t":60},{"o":{"x":0.33,"y":1},"i":{"x":0.68,"y":1},"s":[100,100],"t":78},{"s":[100,100],"t":108}]},"sk":{"a":0,"k":0},"p":{"a":1,"k":[{"o":{"x":0.32,"y":0},"i":{"x":0.67,"y":0},"s":[93,93],"t":0},{"o":{"x":0.33,"y":1},"i":{"x":0.68,"y":1},"s":[93,93],"t":12},{"o":{"x":0.33,"y":1},"i":{"x":0.68,"y":1},"s":[93,93],"t":36},{"o":{"x":0.33,"y":1},"i":{"x":0.68,"y":1},"s":[93,93],"t":60},{"o":{"x":0.33,"y":1},"i":{"x":0.68,"y":1},"s":[92.8,92.8],"t":78},{"s":[92.8,92.8],"t":108}]},"r":{"a":1,"k":[{"o":{"x":0.32,"y":0},"i":{"x":0.67,"y":0},"s":[180],"t":0},{"o":{"x":0.33,"y":1},"i":{"x":0.68,"y":1},"s":[180],"t":12},{"o":{"x":0.33,"y":1},"i":{"x":0.68,"y":1},"s":[180],"t":36},{"o":{"x":0.33,"y":1},"i":{"x":0.68,"y":1},"s":[180],"t":60},{"o":{"x":0.33,"y":1},"i":{"x":0.68,"y":1},"s":[180],"t":78},{"s":[180],"t":108}]},"sa":{"a":0,"k":0},"o":{"a":1,"k":[{"o":{"x":0.32,"y":0},"i":{"x":0.67,"y":0},"s":[0],"t":0},{"o":{"x":0.33,"y":1},"i":{"x":0.68,"y":1},"s":[100],"t":12},{"o":{"x":0.33,"y":1},"i":{"x":0.68,"y":1},"s":[100],"t":36},{"o":{"x":0.33,"y":1},"i":{"x":0.68,"y":1},"s":[100],"t":60},{"o":{"x":0.33,"y":1},"i":{"x":0.68,"y":1},"s":[100],"t":78},{"s":[100],"t":108}]}},"shapes":[{"ty":"sh","bm":0,"hd":false,"nm":"","d":1,"ks":{"a":1,"k":[{"o":{"x":0.32,"y":0},"i":{"x":0.67,"y":0},"s":[{"c":true,"i":[[0,0],[0,2.58],[2.76,0],[0,-2.58],[-2.76,0]],"o":[[2.76,0],[0,-2.58],[-2.76,0],[0,2.58],[0,0]],"v":[[7.5,11.67],[12.5,7],[7.5,2.33],[2.5,7],[7.5,11.67]]}],"t":0},{"o":{"x":0.33,"y":1},"i":{"x":0.68,"y":1},"s":[{"c":true,"i":[[0,0],[0,17.67],[17.67,0],[0,-17.67],[-17.67,0]],"o":[[17.67,0],[0,-17.67],[-17.67,0],[0,17.67],[0,0]],"v":[[48,80],[80,48],[48,16],[16,48],[48,80]]}],"t":12},{"o":{"x":0.33,"y":1},"i":{"x":0.68,"y":1},"s":[{"c":true,"i":[[0,0],[0,24.67],[24.67,0],[0,-24.67],[-24.67,0]],"o":[[24.67,0],[0,-24.67],[-24.67,0],[0,24.67],[0,0]],"v":[[67,111.67],[111.67,67],[67,22.33],[22.33,67],[67,111.67]]}],"t":36},{"o":{"x":0.33,"y":1},"i":{"x":0.68,"y":1},"s":[{"c":true,"i":[[0,0],[0,9.2],[9.2,0],[0,-9.2],[-9.2,0]],"o":[[9.2,0],[0,-9.2],[-9.2,0],[0,9.2],[0,0]],"v":[[25,41.67],[41.67,25],[25,8.33],[8.33,25],[25,41.67]]}],"t":60},{"o":{"x":0.33,"y":1},"i":{"x":0.68,"y":1},"s":[{"c":true,"i":[[0,0],[0,17.67],[17.67,0],[0,-17.67],[-17.67,0]],"o":[[17.67,0],[0,-17.67],[-17.67,0],[0,17.67],[0,0]],"v":[[48,80],[80,48],[48,16],[16,48],[48,80]]}],"t":78},{"s":[{"c":true,"i":[[0,0],[0,17.67],[17.67,0],[0,-17.67],[-17.67,0]],"o":[[17.67,0],[0,-17.67],[-17.67,0],[0,17.67],[0,0]],"v":[[48,80],[80,48],[48,16],[16,48],[48,80]]}],"t":108}]}},{"ty":"sh","bm":0,"hd":false,"nm":"","d":1,"ks":{"a":1,"k":[{"o":{"x":0.32,"y":0},"i":{"x":0.67,"y":0},"s":[{"c":true,"i":[[0,0],[0,3.87],[4.14,0],[0,-3.87],[-4.14,0]],"o":[[4.14,0],[0,-3.87],[-4.14,0],[0,3.87],[0,0]],"v":[[7.5,14],[15,7],[7.5,0],[0,7],[7.5,14]]}],"t":0},{"o":{"x":0.33,"y":1},"i":{"x":0.68,"y":1},"s":[{"c":true,"i":[[0,0],[0,26.51],[26.51,0],[0,-26.51],[-26.51,0]],"o":[[26.51,0],[0,-26.51],[-26.51,0],[0,26.51],[0,0]],"v":[[48,96],[96,48],[48,0],[0,48],[48,96]]}],"t":12},{"o":{"x":0.33,"y":1},"i":{"x":0.68,"y":1},"s":[{"c":true,"i":[[0,0],[0,37],[37,0],[0,-37],[-37,0]],"o":[[37,0],[0,-37],[-37,0],[0,37],[0,0]],"v":[[67,134],[134,67],[67,0],[0,67],[67,134]]}],"t":36},{"o":{"x":0.33,"y":1},"i":{"x":0.68,"y":1},"s":[{"c":true,"i":[[0,0],[0,13.81],[13.81,0],[0,-13.81],[-13.81,0]],"o":[[13.81,0],[0,-13.81],[-13.81,0],[0,13.81],[0,0]],"v":[[25,50],[50,25],[25,0],[0,25],[25,50]]}],"t":60},{"o":{"x":0.33,"y":1},"i":{"x":0.68,"y":1},"s":[{"c":true,"i":[[0,0],[0,26.51],[26.51,0],[0,-26.51],[-26.51,0]],"o":[[26.51,0],[0,-26.51],[-26.51,0],[0,26.51],[0,0]],"v":[[48,96],[96,48],[48,0],[0,48],[48,96]]}],"t":78},{"s":[{"c":true,"i":[[0,0],[0,26.51],[26.51,0],[0,-26.51],[-26.51,0]],"o":[[26.51,0],[0,-26.51],[-26.51,0],[0,26.51],[0,0]],"v":[[48,96],[96,48],[48,0],[0,48],[48,96]]}],"t":108}]}},{"ty":"fl","bm":0,"hd":false,"nm":"","c":{"a":1,"k":[{"o":{"x":0.32,"y":0},"i":{"x":0.67,"y":0},"s":[0.2824,0.2196,0.8196],"t":0},{"o":{"x":0.33,"y":1},"i":{"x":0.68,"y":1},"s":[0.2824,0.2196,0.8196],"t":12},{"o":{"x":0.33,"y":1},"i":{"x":0.68,"y":1},"s":[0.2824,0.2196,0.8196],"t":36},{"o":{"x":0.33,"y":1},"i":{"x":0.68,"y":1},"s":[0.2824,0.2196,0.8196],"t":60},{"o":{"x":0.33,"y":1},"i":{"x":0.68,"y":1},"s":[0.2824,0.2196,0.8196],"t":78},{"s":[0.2824,0.2196,0.8196],"t":108}]},"r":2,"o":{"a":1,"k":[{"o":{"x":0.32,"y":0},"i":{"x":0.67,"y":0},"s":[100],"t":0},{"o":{"x":0.33,"y":1},"i":{"x":0.68,"y":1},"s":[100],"t":12},{"o":{"x":0.33,"y":1},"i":{"x":0.68,"y":1},"s":[100],"t":36},{"o":{"x":0.33,"y":1},"i":{"x":0.68,"y":1},"s":[100],"t":60},{"o":{"x":0.33,"y":1},"i":{"x":0.68,"y":1},"s":[100],"t":78},{"s":[100],"t":108}]}}],"ind":2}],"v":"5.7.0","fr":60,"op":108.3,"ip":0,"assets":[]}